kind,check,status,observed,expected,note
hard,[new] manual_exclusions.csv rows each match one trial and file,PASS,0,0,
info,[new] trials_master.csv,INFO,unchanged,,
info,[new] vizex_features.csv,INFO,unchanged,,
info,[new] vizex_targets_features.csv,INFO,unchanged,,
hard,[new] trials_master.csv rows,PASS,1581,1581,
hard,[new] trials in analysis (in_analysis == True),PASS,1580,1580,
hard,[new] excluded trials,PASS,1,1,
hard,[new] excluded trial is P358 trial 8 (manual),PASS,"[('P358', 8, 'manual')]","[('P358', 8, 'manual')]",
hard,[new] vizex_features.csv rows == in-analysis trials,PASS,1580,1580,
hard,[new] vizex_features.csv trials == trials_master in-analysis trials,PASS,True,True,
hard,[new] experimental trials,PASS,1186,1186,
hard,[new] control (80 Hz) trials,PASS,98,98,
hard,[new] validation trials,PASS,296,296,
hard,[new] participants,PASS,99,99,
hard,[new] SLS trials (experimental + control),PASS,1284,1284,
hard,[new] trials per frequency (2.5/5/10/15/20/40/80 Hz),PASS,"{2.5: 197, 5.0: 198, 10.0: 198, 15.0: 197, 20.0: 198, 40.0: 198, 80.0: 98}","{2.5: 197, 5.0: 198, 10.0: 198, 15.0: 197, 20.0: 198, 40.0: 198, 80.0: 98}",
hard,[new] P358 trial 9 (blank 40 Hz) kept,PASS,True,True,
hard,[new] December 2025 trials (trialN 101/102) kept in the main set,PASS,"[('P306', 101), ('P306', 102), ('P324', 101)]","[('P306', 101), ('P306', 102), ('P324', 101)]",
hard,[new] validation models: n per feature,PASS,[296],[296],
hard,[new] experimental models (Table S5.4): n per feature,PASS,[1284],[1284],
hard,[new] experimental models: frequency levels (df),PASS,[6],[6],
hard,[new] trial-order model: SLS trials,PASS,1281,1281,
hard,[new] trial-order model: experimental / control,PASS,"(1183, 98)","(1183, 98)",
hard,[new] trial-order model: validation trials,PASS,296,296,
hard,[new] trial-order: December trials excluded,PASS,3,3,
hard,[new] trial-order: span of positions (drift = b x span),PASS,15,15,
hard,[new] trial-order: P368 make-up position,PASS,"[('P368', 1, 'C00', 4.5)]","[('P368', 1, 'C00', 4.5)]",
hard,[new] 10 vs 15 Hz follow-up: trials,PASS,395,395,
hard,[new] VLM labels cover exactly the in-analysis SLS trials,PASS,"(0, 0, 1284)","(0, 0, 1284)",
hard,[pre-exclusion] SLS trials in experimental models,PASS,1285,1285,
soft,"[D] S5.4 detail: Wald chi2(6), independent ML fit",PASS,129.691 vs 129.691,rel diff <= 0.0001,
soft,[D] S5.4 detail: participant variance,PASS,0.0238429 vs 0.0238434,rel diff <= 0.001,
soft,[D] S5.4 detail: residual variance,PASS,0.0349633 vs 0.0349632,rel diff <= 0.0001,
soft,[D] S5.4 detail: ICC,PASS,0.405449 vs 0.405454,rel diff <= 0.001,
soft,[D] S5.4 detail: log-likelihood,PASS,217.806 vs 217.806,rel diff <= 1e-06,
soft,"[D] S5.4 detail: Wald chi2 by hand b'V^-1 b (statsmodels b, V)",PASS,129.691 vs 129.691,rel diff <= 1e-08,
soft,[D] S5.4 detail: ICC by hand DT/(DT+DN),PASS,0.405449 vs 0.405449,rel diff <= 1e-12,
soft,[D] S5.4 detail: Trial_CV% by hand sqrt(DN)/mean,PASS,116.296 vs 116.296,rel diff <= 1e-12,
soft,"[D] S5.4 r_directionality: Wald chi2(6), independent ML fit",PASS,126.359 vs 126.359,rel diff <= 0.0001,
soft,[D] S5.4 r_directionality: participant variance,PASS,0.0108193 vs 0.0108193,rel diff <= 0.001,
soft,[D] S5.4 r_directionality: residual variance,PASS,0.0578541 vs 0.0578541,rel diff <= 0.0001,
soft,[D] S5.4 r_directionality: ICC,PASS,0.157548 vs 0.157548,rel diff <= 0.001,
soft,[D] S5.4 r_directionality: log-likelihood,PASS,-53.2683 vs -53.2683,rel diff <= 1e-06,
soft,"[D] S5.4 r_directionality: Wald chi2 by hand b'V^-1 b (statsmodels b, V)",PASS,126.359 vs 126.359,rel diff <= 1e-08,
soft,[D] S5.4 r_directionality: ICC by hand DT/(DT+DN),PASS,0.157548 vs 0.157548,rel diff <= 1e-12,
soft,[D] S5.4 r_directionality: Trial_CV% by hand sqrt(DN)/mean,PASS,59.3788 vs 59.3788,rel diff <= 1e-12,
soft,"[D] S5.4 theta_directionality: Wald chi2(6), independent ML fit",PASS,117.208 vs 117.208,rel diff <= 0.0001,
soft,[D] S5.4 theta_directionality: participant variance,PASS,0.00935586 vs 0.00935588,rel diff <= 0.001,
soft,[D] S5.4 theta_directionality: residual variance,PASS,0.0590574 vs 0.0590574,rel diff <= 0.0001,
soft,[D] S5.4 theta_directionality: ICC,PASS,0.136755 vs 0.136755,rel diff <= 0.001,
soft,[D] S5.4 theta_directionality: log-likelihood,PASS,-60.8127 vs -60.8127,rel diff <= 1e-06,
soft,"[D] S5.4 theta_directionality: Wald chi2 by hand b'V^-1 b (statsmodels b, V)",PASS,117.208 vs 117.208,rel diff <= 1e-08,
soft,[D] S5.4 theta_directionality: ICC by hand DT/(DT+DN),PASS,0.136755 vs 0.136755,rel diff <= 1e-12,
soft,[D] S5.4 theta_directionality: Trial_CV% by hand sqrt(DN)/mean,PASS,55.5854 vs 55.5854,rel diff <= 1e-12,
soft,"[D] S5.4 brightness: Wald chi2(6), independent ML fit",PASS,112.071 vs 112.071,rel diff <= 0.0001,
soft,[D] S5.4 brightness: participant variance,PASS,0.00958443 vs 0.00958443,rel diff <= 0.001,
soft,[D] S5.4 brightness: residual variance,PASS,0.023022 vs 0.023022,rel diff <= 0.0001,
soft,[D] S5.4 brightness: ICC,PASS,0.293943 vs 0.293943,rel diff <= 0.001,
soft,[D] S5.4 brightness: log-likelihood,PASS,507.384 vs 507.384,rel diff <= 1e-06,
soft,"[D] S5.4 brightness: Wald chi2 by hand b'V^-1 b (statsmodels b, V)",PASS,112.071 vs 112.071,rel diff <= 1e-08,
soft,[D] S5.4 brightness: ICC by hand DT/(DT+DN),PASS,0.293943 vs 0.293943,rel diff <= 1e-12,
soft,[D] S5.4 brightness: Trial_CV% by hand sqrt(DN)/mean,PASS,19.5152 vs 19.5152,rel diff <= 1e-12,
soft,"[D] S5.4 contrast: Wald chi2(6), independent ML fit",PASS,125.673 vs 125.674,rel diff <= 0.0001,
soft,[D] S5.4 contrast: participant variance,PASS,0.0046728 vs 0.00467293,rel diff <= 0.001,
soft,[D] S5.4 contrast: residual variance,PASS,0.00729994 vs 0.00729992,rel diff <= 0.0001,
soft,[D] S5.4 contrast: ICC,PASS,0.390287 vs 0.390294,rel diff <= 0.001,
soft,[D] S5.4 contrast: log-likelihood,PASS,1226.26 vs 1226.26,rel diff <= 1e-06,
soft,"[D] S5.4 contrast: Wald chi2 by hand b'V^-1 b (statsmodels b, V)",PASS,125.673 vs 125.673,rel diff <= 1e-08,
soft,[D] S5.4 contrast: ICC by hand DT/(DT+DN),PASS,0.390287 vs 0.390287,rel diff <= 1e-12,
soft,[D] S5.4 contrast: Trial_CV% by hand sqrt(DN)/mean,PASS,61.8587 vs 61.8587,rel diff <= 1e-12,
soft,"[D] S5.4: Holm (m = 5) by hand, largest adjusted p",PASS,7.50757e-22 vs 7.50757e-22,rel diff <= 1e-09,
soft,"[D] S5.3 detail: slope b, independent ML fit",PASS,0.427464 vs 0.427464,rel diff <= 0.0001,
soft,[D] S5.3 detail: z,PASS,19.256 vs 19.2669,rel diff <= 0.002,
soft,[D] S5.3 detail: residual variance,PASS,0.0640965 vs 0.0640965,rel diff <= 0.001,
soft,"[D] S5.3 r_directionality: slope b, independent ML fit",PASS,0.753533 vs 0.753533,rel diff <= 0.0001,
soft,[D] S5.3 r_directionality: z,PASS,51.3545 vs 51.4243,rel diff <= 0.002,
soft,[D] S5.3 r_directionality: residual variance,PASS,0.0109896 vs 0.0109896,rel diff <= 0.001,
soft,"[D] S5.3 theta_directionality: slope b, independent ML fit",PASS,0.859217 vs 0.859217,rel diff <= 0.0001,
soft,[D] S5.3 theta_directionality: z,PASS,48.4891 vs 48.5643,rel diff <= 0.002,
soft,[D] S5.3 theta_directionality: residual variance,PASS,0.00897353 vs 0.00897353,rel diff <= 0.001,
soft,"[D] S5.3 brightness: slope b, independent ML fit",PASS,0.931987 vs 0.931987,rel diff <= 0.0001,
soft,[D] S5.3 brightness: z,PASS,25.0495 vs 25.0504,rel diff <= 0.002,
soft,[D] S5.3 brightness: residual variance,PASS,0.0155003 vs 0.0155,rel diff <= 0.001,
soft,"[D] S5.3 contrast: slope b, independent ML fit",PASS,0.840334 vs 0.840334,rel diff <= 0.0001,
soft,[D] S5.3 contrast: z,PASS,23.8465 vs 23.8775,rel diff <= 0.002,
soft,[D] S5.3 contrast: residual variance,PASS,0.00375832 vs 0.00375831,rel diff <= 0.001,
soft,"[D] S5.3: Holm (m = 5) by hand, largest adjusted p",PASS,1.25668e-82 vs 1.25668e-82,rel diff <= 1e-09,
soft,"[D] 10 vs 15 Hz detail: b, independent ML fit",PASS,0.0709357 vs 0.0709357,rel diff <= 0.0001,
soft,[D] 10 vs 15 Hz detail: SE,PASS,0.0209311 vs 0.0209311,rel diff <= 0.001,
soft,[D] 10 vs 15 Hz detail: z,PASS,3.38902 vs 3.389,rel diff <= 0.001,
soft,"[D] S5.2 Experimental: Holm (m = 10) by hand, sum of adjusted p",PASS,5.96544 vs 5.96544,rel diff <= 1e-09,
soft,[D] S5.2 Experimental: drift = 15 x b (detail),PASS,-0.28894 vs -0.28894,rel diff <= 1e-12,
soft,[D] S5.2 Experimental: variance shares sum to 100% (worst row),PASS,100 vs 100,rel diff <= 1e-09,
soft,"[D] S5.2 Validation: Holm (m = 10) by hand, sum of adjusted p",PASS,8.74586 vs 8.74586,rel diff <= 1e-09,
soft,[D] S5.2 Validation: drift = 15 x b (detail),PASS,0.125836 vs 0.125836,rel diff <= 1e-12,
soft,[D] S5.2 Validation: variance shares sum to 100% (worst row),PASS,100 vs 100,rel diff <= 1e-09,
soft,[D] 5.3.2.1 chi-square by hand sum((O-E)^2/E),PASS,548.763 vs 548.763,rel diff <= 1e-12,
soft,"--notebooks: 030 validation (b, se, DT, DN) notebook == script",PASS,"b max |diff| 7.4e-09, se max |diff| 3.7e-09, DT max |diff| 5.1e-08, DN max |diff| 3.3e-08","chi2 <= 1e-3, others <= 1e-6",
soft,"--notebooks: 035 omnibus (Chi2, DT, DN) notebook == script",PASS,"Chi2 max |diff| 0.00021, DT_plus_HT max |diff| 4.1e-07, DN_plus_HN max |diff| 4.5e-08","chi2 <= 1e-3, others <= 1e-6",
soft,"--notebooks: 036 trial order (b, chi2_trial, pct_session) notebook == script",PASS,"b max |diff| 1.5e-09, chi2_trial max |diff| 4.4e-07, pct_session max |diff| 1.4e-07","chi2 <= 1e-3, others <= 1e-6",
soft,"10 vs 15 Hz follow-up (b, SE, z) unchanged at printed precision",PASS,3/3 unchanged,all unchanged,
soft,"validation slopes, SEs, z and p (Table S5.3) unchanged",PASS,25/25 unchanged,all unchanged,
