check,statsmodels / pipeline,independent,rel_diff,tolerance,status,note
"S5.4 detail: Wald chi2(6), independent ML fit",129.69088177843543,129.69109268222076,1.626201005545903e-06,0.0001,PASS,
S5.4 detail: participant variance,0.02384285470830353,0.02384337060306319,2.1636821750025225e-05,0.001,PASS,
S5.4 detail: residual variance,0.03496326752332184,0.03496321122086907,1.6103315497850456e-06,0.0001,PASS,
S5.4 detail: ICC,0.40544851120077885,0.40545411522898206,1.3821608889195839e-05,0.001,PASS,
S5.4 detail: log-likelihood,217.80642884731606,217.80642885728696,4.57787410348092e-11,1e-06,PASS,
"S5.4 detail: Wald chi2 by hand b'V^-1 b (statsmodels b, V)",129.69088177843543,129.69088177843543,0.0,1e-08,PASS,
S5.4 detail: ICC by hand DT/(DT+DN),0.40544851120077885,0.40544851120077885,0.0,1e-12,PASS,
S5.4 detail: Trial_CV% by hand sqrt(DN)/mean,116.29579354665869,116.29579354665869,0.0,1e-12,PASS,
"S5.4 r_directionality: Wald chi2(6), independent ML fit",126.35907708489239,126.35908273128288,4.468527603332575e-08,0.0001,PASS,
S5.4 r_directionality: participant variance,0.010819340610610163,0.010819348722821918,7.497874375432111e-07,0.001,PASS,
S5.4 r_directionality: residual variance,0.05785412343269689,0.05785412092791672,4.3294756299484996e-08,0.0001,PASS,
S5.4 r_directionality: ICC,0.1575476169920195,0.15754772225500258,6.68133956958294e-07,0.001,PASS,
S5.4 r_directionality: log-likelihood,-53.26830163131899,-53.26830163131069,1.5579883156624816e-13,1e-06,PASS,
"S5.4 r_directionality: Wald chi2 by hand b'V^-1 b (statsmodels b, V)",126.35907708489239,126.35907708489242,2.2492811823332104e-16,1e-08,PASS,
S5.4 r_directionality: ICC by hand DT/(DT+DN),0.1575476169920195,0.1575476169920195,0.0,1e-12,PASS,
S5.4 r_directionality: Trial_CV% by hand sqrt(DN)/mean,59.37880866368469,59.37880866368469,0.0,1e-12,PASS,
"S5.4 theta_directionality: Wald chi2(6), independent ML fit",117.20765191987279,117.2078778551958,1.9276462226794857e-06,0.0001,PASS,
S5.4 theta_directionality: participant variance,0.009355858271925671,0.009355883524772814,2.6991408215357224e-06,0.001,PASS,
S5.4 theta_directionality: residual variance,0.05905737194902645,0.059057363230491274,1.4762822812461764e-07,0.0001,PASS,
S5.4 theta_directionality: ICC,0.13675510192559745,0.1367554379964129,2.457458514103815e-06,0.001,PASS,
S5.4 theta_directionality: log-likelihood,-60.81272541482804,-60.81272541474152,1.4226575591866924e-12,1e-06,PASS,
"S5.4 theta_directionality: Wald chi2 by hand b'V^-1 b (statsmodels b, V)",117.20765191987279,117.20765191987273,4.849804422297287e-16,1e-08,PASS,
S5.4 theta_directionality: ICC by hand DT/(DT+DN),0.13675510192559745,0.13675510192559745,0.0,1e-12,PASS,
S5.4 theta_directionality: Trial_CV% by hand sqrt(DN)/mean,55.58538217722071,55.58538217722071,0.0,1e-12,PASS,
"S5.4 brightness: Wald chi2(6), independent ML fit",112.07093288796966,112.07105970325519,1.1315614027549535e-06,0.0001,PASS,
S5.4 brightness: participant variance,0.00958442891933261,0.00958442549998784,3.5676040791246595e-07,0.001,PASS,
S5.4 brightness: residual variance,0.023021992224039237,0.023021992795503904,2.4822554343144846e-08,0.0001,PASS,
S5.4 brightness: ICC,0.29394298985434375,0.2939429106604147,2.694193491905003e-07,0.001,PASS,
S5.4 brightness: log-likelihood,507.3837283985072,507.3837283985479,8.021520128916894e-14,1e-06,PASS,
"S5.4 brightness: Wald chi2 by hand b'V^-1 b (statsmodels b, V)",112.07093288796966,112.07093288796972,5.072092950063226e-16,1e-08,PASS,
S5.4 brightness: ICC by hand DT/(DT+DN),0.29394298985434375,0.29394298985434375,0.0,1e-12,PASS,
S5.4 brightness: Trial_CV% by hand sqrt(DN)/mean,19.51518921163597,19.51518921163597,0.0,1e-12,PASS,
"S5.4 contrast: Wald chi2(6), independent ML fit",125.67343448105785,125.67372017987137,2.273337759912592e-06,0.0001,PASS,
S5.4 contrast: participant variance,0.004672801228478231,0.004672930502793413,2.7664506267538998e-05,0.001,PASS,
S5.4 contrast: residual variance,0.007299936936421959,0.007299922012608655,2.0443756479059125e-06,0.0001,PASS,
S5.4 contrast: ICC,0.39028676348884184,0.3902938332182812,1.811386406255243e-05,0.001,PASS,
S5.4 contrast: log-likelihood,1226.2614572018515,1226.2614572180382,1.320006582570553e-11,1e-06,PASS,
"S5.4 contrast: Wald chi2 by hand b'V^-1 b (statsmodels b, V)",125.67343448105785,125.67343448105778,5.653881734784584e-16,1e-08,PASS,
S5.4 contrast: ICC by hand DT/(DT+DN),0.39028676348884184,0.39028676348884184,0.0,1e-12,PASS,
S5.4 contrast: Trial_CV% by hand sqrt(DN)/mean,61.858687706852855,61.85868770685285,1.1486547194912195e-16,1e-12,PASS,
"S5.4: Holm (m = 5) by hand, largest adjusted p",7.507573895650318e-22,7.507573895650318e-22,0.0,1e-09,PASS,
"S5.3 detail: slope b, independent ML fit",0.4274637135525763,0.427463721276618,1.806946731403355e-08,0.0001,PASS,
S5.3 detail: z,19.256022891085856,19.26689646359974,0.0005643655445196687,0.002,PASS,statsmodels SEs come from the full Hessian; with participant variance at the 0 boundary they differ slightly from the GLS formula (X'V^-1 X)^-1
S5.3 detail: residual variance,0.06409645784010483,0.06409649690901377,6.095326706668721e-07,0.001,PASS,
S5.3 detail: participant variance (boundary cases ~0),0.01930654830925586,0.01930648579873023,6.251052563077675e-08,1e-05,PASS,absolute difference (variance at or near 0)
"S5.3 r_directionality: slope b, independent ML fit",0.7535325585293519,0.753532558479663,6.594115683626513e-11,0.0001,PASS,
S5.3 r_directionality: z,51.35451680537543,51.4243304154262,0.0013575988153230825,0.002,PASS,statsmodels SEs come from the full Hessian; with participant variance at the 0 boundary they differ slightly from the GLS formula (X'V^-1 X)^-1
S5.3 r_directionality: residual variance,0.010989620154318086,0.010989620195869026,3.780925912965101e-09,0.001,PASS,
S5.3 r_directionality: participant variance (boundary cases ~0),4.2991940875047493e-11,0.0,4.2991940875047493e-11,1e-05,PASS,absolute difference (variance at or near 0)
"S5.3 theta_directionality: slope b, independent ML fit",0.859216778934385,0.8592167792231893,3.3612508598620694e-10,0.0001,PASS,
S5.3 theta_directionality: z,48.48906715405469,48.56434690302516,0.0015501031882667814,0.002,PASS,statsmodels SEs come from the full Hessian; with participant variance at the 0 boundary they differ slightly from the GLS formula (X'V^-1 X)^-1
S5.3 theta_directionality: residual variance,0.008973525992076176,0.008973526146396073,1.719724159947354e-08,0.001,PASS,
S5.3 theta_directionality: participant variance (boundary cases ~0),1.557285160492293e-10,0.0,1.557285160492293e-10,1e-05,PASS,absolute difference (variance at or near 0)
"S5.3 brightness: slope b, independent ML fit",0.9319870689276543,0.9319869712112544,1.0484737730641655e-07,0.0001,PASS,
S5.3 brightness: z,25.049456640495112,25.05039668668255,3.752619965246173e-05,0.002,PASS,statsmodels SEs come from the full Hessian; with participant variance at the 0 boundary they differ slightly from the GLS formula (X'V^-1 X)^-1
S5.3 brightness: residual variance,0.015500309057493774,0.01550002600042944,1.8261381968867363e-05,0.001,PASS,
S5.3 brightness: participant variance (boundary cases ~0),0.002225488528002307,0.0022258525610339267,3.640330316196337e-07,1e-05,PASS,absolute difference (variance at or near 0)
"S5.3 contrast: slope b, independent ML fit",0.8403336752208814,0.8403336624644122,1.51802427897801e-08,0.0001,PASS,
S5.3 contrast: z,23.846471902029414,23.877497982586974,0.0012993857472079256,0.002,PASS,statsmodels SEs come from the full Hessian; with participant variance at the 0 boundary they differ slightly from the GLS formula (X'V^-1 X)^-1
S5.3 contrast: residual variance,0.0037583164887844455,0.0037583149365719203,4.130074010030831e-07,0.001,PASS,
S5.3 contrast: participant variance (boundary cases ~0),0.0004224127433430619,0.0004224146431885552,1.899845493273135e-09,1e-05,PASS,absolute difference (variance at or near 0)
"S5.3: Holm (m = 5) by hand, largest adjusted p",1.2566816381111889e-82,1.2566816381111889e-82,0.0,1e-09,PASS,
"10 vs 15 Hz detail: b, independent ML fit",0.07093566323776243,0.07093566768225995,6.265532792227497e-08,0.0001,PASS,
10 vs 15 Hz detail: SE,0.020931050840927664,0.02093112520772126,3.552928610224787e-06,0.001,PASS,
10 vs 15 Hz detail: z,3.3890158586332384,3.3890040300409923,3.4902735010814915e-06,0.001,PASS,
"S5.2 Experimental: Holm (m = 10) by hand, sum of adjusted p",5.965442008789054,5.965442008789054,0.0,1e-09,PASS,
S5.2 Experimental: drift = 15 x b (detail),-0.28894021934929137,-0.28894021934929137,0.0,1e-12,PASS,
S5.2 Experimental: variance shares sum to 100% (worst row),100.0,100.0,0.0,1e-09,PASS,
"S5.2 Validation: Holm (m = 10) by hand, sum of adjusted p",8.745858377196022,8.745858377196022,0.0,1e-09,PASS,
S5.2 Validation: drift = 15 x b (detail),0.12583572923545364,0.12583572923545364,0.0,1e-12,PASS,
S5.2 Validation: variance shares sum to 100% (worst row),100.0,100.00000000000001,1.4210854715202002e-16,1e-09,PASS,
5.3.2.1 chi-square by hand sum((O-E)^2/E),548.7629862935269,548.7629862935269,0.0,1e-12,PASS,
"5.3.2.1 chi-square Monte Carlo p (20,000 permutations, seed 42)",5.646141631310746e-105,4.999750012499375e-05,,,PASS,50% of expected counts < 5 (min 0.53); asymptotic p is approximate
optimiser lbfgs: S5.4 detail,inf,0.0,,,INFO,"converged=True; columns = llf, participant variance"
optimiser bfgs: S5.4 detail,217.80642884731606,0.02384285470830353,,,INFO,"converged=True; columns = llf, participant variance"
optimiser cg: S5.4 detail,217.80642884438794,0.023843957567244018,,,INFO,"converged=True; columns = llf, participant variance"
optimiser powell: S5.4 detail,217.80642885728685,0.02384336955486186,,,INFO,"converged=True; columns = llf, participant variance"
optimiser nm: S5.4 detail,217.80642878964272,0.02384202675549248,,,INFO,"converged=True; columns = llf, participant variance"
optimiser lbfgs: S5.4 r_directionality,inf,0.0,,,INFO,"converged=True; columns = llf, participant variance"
optimiser bfgs: S5.4 r_directionality,-53.26830163131899,0.010819340610610163,,,INFO,"converged=True; columns = llf, participant variance"
optimiser cg: S5.4 r_directionality,-53.26830163234354,0.010819249826209121,,,INFO,"converged=True; columns = llf, participant variance"
optimiser powell: S5.4 r_directionality,-53.26830163131535,0.010819346604471935,,,INFO,"converged=True; columns = llf, participant variance"
optimiser nm: S5.4 r_directionality,-53.26830179209628,0.010818135632431412,,,INFO,"converged=True; columns = llf, participant variance"
optimiser lbfgs: S5.4 theta_directionality,inf,0.0,,,INFO,"converged=True; columns = llf, participant variance"
optimiser bfgs: S5.4 theta_directionality,-61.453475102096945,0.007356401197443405,,,INFO,"converged=False; columns = llf, participant variance"
optimiser cg: S5.4 theta_directionality,-60.81272541482804,0.009355858271925671,,,INFO,"converged=True; columns = llf, participant variance"
optimiser powell: S5.4 theta_directionality,-60.8127254168744,0.009356010650911429,,,INFO,"converged=True; columns = llf, participant variance"
optimiser nm: S5.4 theta_directionality,-60.81272559725949,0.009357061823465176,,,INFO,"converged=True; columns = llf, participant variance"
optimiser lbfgs: S5.4 brightness,inf,0.0,,,INFO,"converged=True; columns = llf, participant variance"
optimiser bfgs: S5.4 brightness,507.3837283985072,0.00958442891933261,,,INFO,"converged=True; columns = llf, participant variance"
optimiser cg: S5.4 brightness,507.38372838443,0.009584168994411092,,,INFO,"converged=True; columns = llf, participant variance"
optimiser powell: S5.4 brightness,507.383728398484,0.009584443939317334,,,INFO,"converged=True; columns = llf, participant variance"
optimiser nm: S5.4 brightness,507.38372837957377,0.009584126900529795,,,INFO,"converged=True; columns = llf, participant variance"
optimiser lbfgs: S5.4 contrast,1226.2614572018515,0.004672801228478231,,,INFO,"converged=True; columns = llf, participant variance"
optimiser bfgs: S5.4 contrast,1226.2614572175062,0.0046729075103887,,,INFO,"converged=True; columns = llf, participant variance"
optimiser cg: S5.4 contrast,1226.2614571806726,0.004673128126647679,,,INFO,"converged=True; columns = llf, participant variance"
optimiser powell: S5.4 contrast,1226.2614572180355,0.004672931204313402,,,INFO,"converged=True; columns = llf, participant variance"
optimiser nm: S5.4 contrast,1226.2614571967615,0.004673079742109065,,,INFO,"converged=True; columns = llf, participant variance"
