Feature,feature,Contrast,n,n_participants,b,se,z,p_unc,DT,DN,ICC,optimiser,converged,p_holm_10tests
detail level,detail,Experimental vs Control,1284,99,0.12000557019851885,0.020410824042830403,5.879506380864252,4.114917382779836e-09,0.023660484126077384,0.03768715260078784,0.3856788197305739,bfgs,True,2.4689504296679016e-08
detail level,detail,15 Hz vs 10 Hz,395,99,0.07093566323776243,0.020931050840927664,3.3890158586332384,0.0007014395366524746,0.03750796815292613,0.043236734176684194,0.4645254372208068,bfgs,True,0.003507197683262373
radial orientation,r_directionality,Experimental vs Control,1284,99,0.2398024788871404,0.025672650680870688,9.34077598250589,9.563064224527687e-21,0.010683980790792398,0.0596320440156023,0.15194233206739488,bfgs,True,9.563064224527687e-20
radial orientation,r_directionality,15 Hz vs 10 Hz,395,99,0.0012671489634195868,0.021404029622409976,0.05920142074989863,0.9527916780345307,0.006617496511851043,0.045228153246168724,0.1276384140759546,bfgs,True,1.0
tangential orientation,theta_directionality,Experimental vs Control,1284,99,-0.2005426716228512,0.026139572290459146,-7.671995141865752,1.693413681612683e-14,0.00915777574920817,0.06182278490313635,0.1290180813597967,lbfgs,True,1.185389577128878e-13
tangential orientation,theta_directionality,15 Hz vs 10 Hz,395,99,-0.018676976637405644,0.018533569527835882,-1.0077376950702548,0.31358040360713046,0.0043064677141691435,0.033911557938941815,0.11268158520948075,bfgs,True,1.0
brightness,brightness,Experimental vs Control,1284,99,-0.1356131397797837,0.01621834835503915,-8.361710872836676,6.181518612745442e-17,0.00952002111308607,0.02379599248576917,0.2857491063520632,bfgs,True,5.563366751470897e-16
brightness,brightness,15 Hz vs 10 Hz,395,99,-0.0011899758486779957,0.012961135634964068,-0.09181107907457638,0.9268481414146237,0.01082121702693642,0.016579801491386943,0.394920247935315,bfgs,True,1.0
contrast,contrast,Experimental vs Control,1284,99,0.07368658636001502,0.009201576419126526,8.008039384083041,1.1655158337933943e-15,0.004646190569592239,0.007659458378459424,0.3775656683533024,bfgs,True,9.324126670347154e-15
contrast,contrast,15 Hz vs 10 Hz,395,99,0.008644067319380368,0.007804719096055962,1.1075436813284623,0.2680589375061436,0.005753451839643256,0.006011394245741248,0.48903757838283857,bfgs,True,1.0
