feature,term,b,se,z,p
detail,Intercept,0.07874916431707497,0.020454380176460348,3.8499902533200396,0.00011812252529325072
detail,C(condition_hz)[T.5.0],0.07281592907481058,0.018818260051513252,3.869429419908306,0.00010909035534580413
detail,C(condition_hz)[T.10.0],0.09848671899076598,0.018818260051513252,5.233572005125217,1.662651935726878e-07
detail,C(condition_hz)[T.15.0],0.16934010834173305,0.01884400513957019,8.986418072352294,2.554189531642674e-19
detail,C(condition_hz)[T.20.0],0.12852359344019212,0.018818260051513252,6.829727779740031,8.50759141183226e-12
detail,C(condition_hz)[T.40.0],0.07736617515920173,0.018818260051513252,4.111228931230569,3.935587353272724e-05
detail,C(condition_hz)[T.80.0],-0.028851129243708626,0.02312153616856893,-1.247803304822299,0.2121030981357972
r_directionality,Intercept,0.38280023820506787,0.020076032313618777,19.06752451007919,4.700351397213255e-81
r_directionality,C(condition_hz)[T.5.0],0.09153365125751241,0.02420647325102941,3.7813708055806856,0.0001559671579013573
r_directionality,C(condition_hz)[T.10.0],0.06291977392531692,0.024206473251029408,2.5992953733002464,0.009341535436344054
r_directionality,C(condition_hz)[T.15.0],0.0644153568908268,0.02423899246558247,2.657509670927606,0.007872033183455921
r_directionality,C(condition_hz)[T.20.0],0.055510573123962806,0.024206473251029408,2.2932119251036354,0.021835806927231485
r_directionality,C(condition_hz)[T.40.0],-0.030992615413395548,0.024206473251029408,-1.2803441084536158,0.20042414138515696
r_directionality,C(condition_hz)[T.80.0],-0.1992089309619848,0.02974016812032534,-6.698312200388649,2.108404515289669e-11
theta_directionality,Intercept,0.5232286297906532,0.019858758539399106,26.347499454841817,5.482468007251772e-153
theta_directionality,C(condition_hz)[T.5.0],-0.11561929619366053,0.024456823733181907,-4.72748617952353,2.2731653059799806e-06
theta_directionality,C(condition_hz)[T.10.0],-0.13368257339030765,0.024456823733181903,-5.466064393674033,4.6013723982338816e-08
theta_directionality,C(condition_hz)[T.15.0],-0.15271927539224847,0.02448955879667535,-6.236097459337705,4.4862166637130826e-10
theta_directionality,C(condition_hz)[T.20.0],-0.13847423478173745,0.02445682373318191,-5.661987684601165,1.4962956543206834e-08
theta_directionality,C(condition_hz)[T.40.0],-0.06797473583900218,0.024456823733181907,-2.7793771006648402,0.005446325825525439
theta_directionality,C(condition_hz)[T.80.0],0.09904939995618466,0.030047418757762352,3.296436234829541,0.0009791984000400268
brightness,Intercept,0.7322085030880083,0.01461903540700181,50.085965503395386,0.0
brightness,C(condition_hz)[T.5.0],0.004214521462225308,0.01527011692505258,0.27599798239336637,0.7825496158890278
brightness,C(condition_hz)[T.10.0],0.0353462065433796,0.01527011692505258,2.314730575860204,0.020627681358412593
brightness,C(condition_hz)[T.15.0],0.034317844695502454,0.015290901097591595,2.2443310879113403,0.02481110675249554
brightness,C(condition_hz)[T.20.0],0.05546526994905709,0.01527011692505258,3.6322753926041798,0.00028093307169596983
brightness,C(condition_hz)[T.40.0],0.08018816093388846,0.01527011692505258,5.2513128306391375,1.5101894107851782e-07
brightness,C(condition_hz)[T.80.0],0.17057045735504986,0.01876170358161035,9.091416278542948,9.775722202190133e-20
contrast,Intercept,0.15817603169586578,0.009179828667540016,17.230826132428607,1.5590863299532576e-66
contrast,C(condition_hz)[T.5.0],0.0033107421922166174,0.008598698176019777,0.38502830596492876,0.7002164440539866
contrast,C(condition_hz)[T.10.0],-0.013540925675230036,0.008598698176019777,-1.5747646211136055,0.11531078549777964
contrast,C(condition_hz)[T.15.0],-0.0046595827024907745,0.008610453634580857,-0.5411541482294498,0.5884013384163304
contrast,C(condition_hz)[T.20.0],-0.018545938936389752,0.008598698176019777,-2.1568310175267045,0.031018833388791044
contrast,C(condition_hz)[T.40.0],-0.05339130113036631,0.008598698176019777,-6.209230750680963,5.324459154790184e-10
contrast,C(condition_hz)[T.80.0],-0.0881743336681932,0.0105649879820077,-8.345900044406594,7.067356370425393e-17
