Trials,Feature,b per trial (SE),chi2(1),p,Drift across experiment (SD),Trial order (% variance),Session chi2(1),Session p,Session (% variance)
Exp.,detail level,-0.0193 (0.0046),17.54,< .001,-0.289,0.79,0.06,1.000,0.67
Exp.,radial orientation,+0.0090 (0.0054),2.76,.615,+0.135,0.17,0.00,1.000,0.00
Exp.,tangential orientation,-0.0152 (0.0055),7.70,.044,-0.228,0.49,0.00,1.000,0.00
Exp.,brightness,-0.0085 (0.0050),2.91,.615,-0.128,0.16,0.00,1.000,0.13
Exp.,contrast,-0.0161 (0.0046),12.05,.005,-0.242,0.56,1.19,.686,2.66
Val.,detail level,+0.0084 (0.0093),0.82,1.000,+0.126,0.14,2.16,.637,3.01
Val.,radial orientation,-0.0019 (0.0041)†,0.22,1.000,-0.029,0.01,0.00,1.000,0.00
Val.,tangential orientation,+0.0027 (0.0046),0.40,1.000,+0.041,0.02,0.00,1.000,0.00
Val.,brightness,-0.0117 (0.0073),2.56,.877,-0.175,0.28,0.04,1.000,0.17
Val.,contrast,-0.0168 (0.0077),5.15,.232,-0.252,0.59,0.00,1.000,0.00
