Trials,Feature,n,b,se,chi2_trial,p_trial,drift,chi2_session,p_session,pct_main,pct_trial,pct_session,pct_participant,pct_resid,p_trial_holm,p_session_holm,feature
Experimental,detail level,1281,-0.01926268128995276,0.004581813016163526,17.53973870616028,2.8136510356091782e-05,-0.28894021934929137,0.05956130484446476,0.4035953321208851,5.545915801744837,0.7903674697991288,0.6686581741712888,37.440335896552654,55.55472265773209,0.0002813651035609178,1.0,detail
Experimental,radial orientation,1281,0.008976634635122832,0.005407953331411262,2.762551876645375,0.09649420513657014,0.13464951952684248,0.0,1.0,7.783447484196935,0.17180565529277173,6.634589292255023e-08,14.579543950852676,77.46520284331173,0.6149808891127764,1.0,r_directionality
Experimental,tangential orientation,1281,-0.015174144138595443,0.005461802177140726,7.699673054105006,0.0055230828850118905,-0.22761216207893165,0.0,1.0,7.47707044108712,0.49071661604444616,9.707020106357874e-08,12.762960746168135,79.2692520996301,0.044184663080095124,1.0,theta_directionality
Experimental,brightness,1281,-0.008539275292632592,0.0049998440133208425,2.9132547296485427,0.08785441273039662,-0.12808912938948888,0.0046480365799652645,0.4728225626924363,5.811577782267513,0.15543611284595826,0.12548173845705293,27.633728421304692,66.27377594512478,0.6149808891127764,1.0,brightness
Experimental,contrast,1281,-0.016143870244674747,0.0046379284404515645,12.054872886650628,0.000516571705159069,-0.2421580536701212,1.1938913752455846,0.13727301140668285,5.545909639961018,0.5570544998984887,2.6582982400152595,34.12711877766063,57.1116188424646,0.004649145346431621,0.6863650570334143,contrast
Validation,detail level,296,0.00838904861569691,0.009286448966864286,0.8157356476692712,0.36642991971671535,0.12583572923545364,2.1614972868476343,0.0707533716299933,52.00205810233974,0.14383559022189768,3.0086352475762084,8.758700493139187,36.08677056672298,1.0,0.6367803446699397,detail
Validation,radial orientation,296,-0.0019077449955976803,,0.22008788609764451,0.6389729617386914,-0.028616174933965205,0.0,1.0,89.93028678351317,0.007487373789205796,1.465930084233092e-09,2.5480007171072957e-08,10.062225815751697,1.0,1.0,r_directionality
Validation,tangential orientation,296,0.002722839552585487,0.004604006209759985,0.4018329179814373,0.5261441767484467,0.0408425932887823,0.0,1.0,88.84640828230485,0.015250779504280026,1.5267009383001649e-09,0.011855848044728882,11.126485088619436,1.0,1.0,theta_directionality
Validation,brightness,296,-0.011695799118555578,0.007259085351937928,2.5598195414283964,0.10961109456864118,-0.17543698677833366,0.03588153848818365,0.42488016815400076,66.98214913136276,0.2832867656233368,0.1666768310830899,3.9267194311748894,28.641167840755923,0.8768887565491295,1.0,brightness
Validation,contrast,296,-0.016806455882508974,0.007694715443375546,5.152051344943857,0.023218927597695324,-0.2520968382376346,0.0,1.0,65.19272491202804,0.5877384274679063,1.3203358146172169e-08,3.58170768039567,30.63782896690501,0.23218927597695324,1.0,contrast
