Trials	Feature	b per trial (SE)	chi2(1)	p	Drift across experiment (SD)	Trial order (% variance)	Session chi2(1)	Session p	Session (% variance)
Experimental	detail level	-0.0192 (0.0046)	17.36	< .001	-0.287	0.78	0.08	1.000	0.75
Experimental	radial orientation	+0.0088 (0.0054)	2.68	.617	+0.133	0.17	0.00	1.000	0.00
Experimental	tangential orientation	-0.0151 (0.0055)	7.67	.045	-0.227	0.49	0.00	1.000	0.00
Experimental	brightness	-0.0085 (0.0050)	2.91	.617	-0.128	0.15	0.03	1.000	0.33
Experimental	contrast	-0.0158 (0.0046)	11.56	.006	-0.237	0.53	1.16	.704	2.62
Validation	detail level	+0.0089 (0.0093)	0.92	1.000	+0.134	0.16	2.28	.589	3.10
Validation	radial orientation	-0.0021 (0.0338)	0.26	1.000	-0.031	0.01	0.00	1.000	0.00
Validation	tangential orientation	+0.0030 (0.0046)	0.50	1.000	+0.045	0.02	0.00	1.000	0.00
Validation	brightness	-0.0124 (0.0073)	2.87	.721	-0.186	0.32	0.01	1.000	0.10
Validation	contrast	-0.0171 (0.0073)	5.35	.207	-0.257	0.61	0.00	1.000	0.00
