Experiment,Feature,Contrast,b,se,z,p_unc,DT,DN,ICC,n,n_participants,p_holm
Experiment 4.1 (drawings),detail level,Experimental vs Control,0.1200055706226147,0.02041082396780731,5.879506423253261,4.114916329076937e-09,0.023660484188269715,0.03768715232370847,0.3856788220952894,1284,99,2.4689497974461623e-08
Experiment 4.1 (drawings),detail level,15 Hz vs 10 Hz,0.07093566332318883,0.02093105075550361,3.3890158765458542,0.0007014394908309056,0.037507968366347996,0.043236733823667,0.4645254406670693,395,99,0.0035071974541545283
Experiment 4.1 (drawings),radial orientation,Experimental vs Control,0.23980247800513071,0.025672650797873772,9.340775905579308,9.56307117315544e-21,0.01068398080202554,0.05963204455922696,0.15194233102818303,1284,99,9.56307117315544e-20
Experiment 4.1 (drawings),radial orientation,15 Hz vs 10 Hz,0.001267159435396059,0.021404093965058105,0.05920173203615531,0.9527914300988992,0.006617105020916333,0.04522842569722838,0.12763115603714906,395,99,1.0
Experiment 4.1 (drawings),tangential orientation,Experimental vs Control,-0.2005426784881687,0.02613960639390645,-7.6719853951174395,1.6935423986302543e-14,0.009157326069344744,0.06182294676199017,0.12901226924140752,1284,99,1.185479679041178e-13
Experiment 4.1 (drawings),tangential orientation,15 Hz vs 10 Hz,-0.018676976124035724,0.018533569552831638,-1.007737666011682,0.31358041756096844,0.004306467524878731,0.033911558030690826,0.11268158054416143,395,99,1.0
Experiment 4.1 (drawings),brightness,Experimental vs Control,-0.13561314216412837,0.016218348325337008,-8.3617110351655,6.181510105493535e-17,0.009520021064043087,0.023795992398613224,0.2857491060481775,1284,99,5.563359094944182e-16
Experiment 4.1 (drawings),brightness,15 Hz vs 10 Hz,-0.0011899761319772305,0.012961135618724282,-0.09181110104720558,0.9268481239567361,0.010821216930182509,0.016579801449857493,0.39492024639730605,395,99,1.0
Experiment 4.1 (drawings),contrast,Experimental vs Control,0.0736865858432424,0.00920157641062006,8.00803933532482,1.1655162957687942e-15,0.004646190574176412,0.007659458364296104,0.37756566901973865,1284,99,9.324130366150354e-15
Experiment 4.1 (drawings),contrast,15 Hz vs 10 Hz,0.00864406676847872,0.007804719108917311,1.1075436089176367,0.2680589687942486,0.005753451826163,0.006011394265558226,0.4890375769736275,395,99,1.0
