Family,Feature,n_trials,b_trial,se_trial,ci_lo,ci_hi,lrt_trial,p_trial,delta_total,pct_main,pct_trial,pct_session,pct_participant,pct_resid,lrt_session,p_session,p_trial_holm,p_session_holm
Experimental,detail level,1282,-0.019159310087027762,0.00458106269053924,-0.02813819296048467,-0.010180427213570853,17.359309308341835,3.0937910667804355e-05,-0.28738965130541644,5.515452551363775,0.7811499818227378,0.7523752328653384,37.4297104529835,55.52131178096466,0.07504621706902981,0.3920631961283259,0.00030937910667804355,1.0
Experimental,radial orientation,1282,0.008849211030056472,0.005409607780405642,-0.001753620219538586,0.01945204227965153,2.6836015762091847,0.1013861959608959,0.13273816545084707,7.729484333052037,0.16683251595857454,1.8927785709155697e-08,14.61035759211949,77.49332553994212,0.0,1.0,0.6168059113371716,1.0
Experimental,tangential orientation,1282,-0.015146337062228765,0.005463767970895239,-0.025855322285183432,-0.004437351839274097,7.667087113477464,0.00562371710407152,-0.22719505593343148,7.359906995660997,0.48851397617385767,1.2119661946423803e-08,12.845877835976196,79.30570118006929,0.0,1.0,0.04498973683257216,1.0
Experimental,brightness,1282,-0.008521177393461168,0.004993350221454083,-0.01830814382751117,0.0012657890405888342,2.9084755075764406,0.08811513019102452,-0.1278176609019175,5.81507562744736,0.15468250653501192,0.32910847946815874,27.599598798095993,66.10153458845348,0.031264204837498255,0.4298261195034335,0.6168059113371716,1.0
Experimental,contrast,1282,-0.015812140639057774,0.004639796551667277,-0.02490614188032564,-0.006718139397789912,11.557727688435989,0.0006746825651162252,-0.2371821095858666,5.459632764381434,0.5338693137655156,2.6213511528492086,34.24298051467532,57.14216625432852,1.1602433744847076,0.14070753621496246,0.0060721430860460265,0.7035376810748123
Validation,detail level,295,0.008935154606508242,0.009295767317998692,-0.009284549336769194,0.02715485854978568,0.9233295513972735,0.3366022568108501,0.13402731909762364,51.85262875943508,0.16299562976693857,3.1024622925517615,8.789955513460667,36.09195780478557,2.2810850853738884,0.06548011090181595,1.0,0.5893209981163435
Validation,radial orientation,295,-0.0020776535691765735,0.033824026382358055,-0.06837274527859837,0.0642174381402452,0.26020226078412634,0.6099812329982198,-0.031164803537648604,89.92936586773264,0.008880656602509645,1.1057787551361612e-09,1.0203408946270925e-09,10.061753473538738,0.0,1.0,1.0,1.0
Validation,tangential orientation,295,0.003029901226653403,0.00458146451873512,-0.005949769230067433,0.012009571683374238,0.5042331121835559,0.4776460112448093,0.04544851839980104,88.96721679712138,0.01888451014265808,1.5234289140271413e-09,0.0035136623930520213,11.010385028819492,0.0,1.0,1.0,1.0
Validation,brightness,295,-0.012397960519146867,0.007253619788118403,-0.026615055303858937,0.0018191342655652018,2.872289745746002,0.09011657516355302,-0.185969407787203,67.14878898106512,0.31837817738729735,0.0976167021771311,3.5824676231479136,28.852748516222533,0.012987611951757572,0.4546334810057788,0.7209326013084242,1.0
Validation,contrast,295,-0.01710543723802774,0.007267800408464136,-0.03135032603861745,-0.0028605484374380347,5.348439188672728,0.020740829382790444,-0.2565815585704161,65.46063548960815,0.6088542511685959,1.478603762081831e-08,3.242254408981518,30.688255835455696,0.0,1.0,0.20740829382790443,1.0
