condition_code,condition_name,png_filename,exists
A00,Image A00,A00.png,True
A01,Image A01,A01.png,True
A02,Image A02,A02.png,True
A03,Image A03,A03.png,True
A04,Image A04,A04.png,True
A05,Image A05,A05.png,True
A06,Image A06,A06.png,True
A07,Image A07,A07.png,True
A08,Image A08,A08.png,True
A09,Image A09,A09.png,True
A10,Image A10,A10.png,True
A11,Image A11,A11.png,True
A12,Image A12,A12.png,True
A13,Image A13,A13.png,True
A14,Image A14,A14.png,True
B00,Image B00,B00.png,True
B01,Image B01,B01.png,True
B02,Image B02,B02.png,True
B03,Image B03,B03.png,True
B04,Image B04,B04.png,True
B05,Image B05,B05.png,True
B06,Image B06,B06.png,True
B07,Image B07,B07.png,True
B08,Image B08,B08.png,True
B09,Image B09,B09.png,True
B10,Image B10,B10.png,True
B11,Image B11,B11.png,True
B12,Image B12,B12.png,True
B13,Image B13,B13.png,True
B14,Image B14,B14.png,True
C00,Image C00,C00.png,True
C01,Image C01,C01.png,True
C02,Image C02,C02.png,True
C03,Image C03,C03.png,True
C04,Image C04,C04.png,True
C05,Image C05,C05.png,True
C06,Image C06,C06.png,True
C07,Image C07,C07.png,True
C08,Image C08,C08.png,True
C09,Image C09,C09.png,True
C10,Image C10,C10.png,True
C11,Image C11,C11.png,True
C12,Image C12,C12.png,True
C13,Image C13,C13.png,True
C14,Image C14,C14.png,True
