condition_code,condition_name,png_filename,exists,detail_raw,detail,r_directionality_raw,r_directionality,theta_directionality_raw,theta_directionality,brightness_raw,brightness,contrast_raw,contrast
A00,Image A00,A00.png,True,0.00714219,0.32266852,0.7816451,1.0793505,0.0093102595,0.011920365,0.21066464,0.21066464,0.1737768,0.1737768
A01,Image A01,A01.png,True,0.010301105,0.4653814,0.28613392,0.3951138,0.20589347,0.26361513,0.41591305,0.41591305,0.1757466,0.1757466
A02,Image A02,A02.png,True,0.005755242,0.26000926,0.054612435,0.07541268,0.5894425,0.75469106,0.060295574,0.060295574,0.21334726,0.21334726
A03,Image A03,A03.png,True,0.010703112,0.48354322,0.25798064,0.3562378,0.2716985,0.3478684,0.14835933,0.14835933,0.08292654,0.08292654
A04,Image A04,A04.png,True,0.018649407,0.8425394,0.80685186,1.1141577,0.118868925,0.1521935,0.042522393,0.042522393,0.020699523,0.020699523
A05,Image A05,A05.png,True,0.014175958,0.6404388,0.038160913,0.052695267,0.6821752,0.87342113,0.3240615,0.3240615,0.17058642,0.17058642
A06,Image A06,A06.png,True,0.00096260046,0.043488186,0.21474266,0.29653174,0.34671092,0.44391036,0.40908852,0.40908852,0.07394417,0.07394417
A07,Image A07,A07.png,True,0.016062751,0.72568,0.8210961,1.1338272,0.009734211,0.012463169,0.0631607,0.0631607,0.0994433,0.0994433
A08,Image A08,A08.png,True,0.011198372,0.50591797,0.2906194,0.40130767,0.28119004,0.36002088,0.40532777,0.40532777,0.16203155,0.16203155
A09,Image A09,A09.png,True,0.023994282,1.0840092,0.9828734,1.3572205,0.0042993757,0.005504694,0.13957667,0.13957667,0.12047384,0.12047384
A10,Image A10,A10.png,True,0.035378918,1.5983422,0.52507895,0.7250659,0.28335565,0.36279362,0.57962984,0.57962984,0.06257125,0.06257125
A11,Image A11,A11.png,True,0.028473264,1.2863598,0.70060277,0.9674415,0.14620613,0.1871946,0.29093423,0.29093423,0.32011965,0.32011965
A12,Image A12,A12.png,True,0.0032926346,0.14875403,0.3476687,0.48008537,0.24686183,0.31606886,0.65152776,0.65152776,0.22405459,0.22405459
A13,Image A13,A13.png,True,0.00045570525,0.020587767,0.086289495,0.119154595,0.2762573,0.3537053,0.004192097,0.004192097,0.0033636393,0.0033636393
A14,Image A14,A14.png,True,0.0004555177,0.020579293,0.086322464,0.11920012,0.27640492,0.35389426,0.6636331,0.6636331,0.011029151,0.011029151
B00,Image B00,B00.png,True,0.035189763,1.5897965,0.49385068,0.6819437,0.35699007,0.45707124,0.6214264,0.6214264,0.04659282,0.04659282
B01,Image B01,B01.png,True,0.008466985,0.38251987,0.29873192,0.41251,0.25796735,0.33028778,0.22292255,0.22292255,0.23014726,0.23014726
B02,Image B02,B02.png,True,0.015589577,0.704303,0.28710678,0.3964572,0.24702327,0.31627557,0.3552462,0.3552462,0.23025154,0.23025154
B03,Image B03,B03.png,True,0.03424977,1.5473298,0.00986223,0.01361846,0.7821382,1.0014085,0.2954859,0.2954859,0.26004568,0.26004568
B04,Image B04,B04.png,True,0.0364818,1.6481681,0.5959536,0.82293457,0.26386887,0.33784378,0.5196237,0.5196237,0.29715094,0.29715094
B05,Image B05,B05.png,True,0.035955876,1.6244079,0.011503539,0.015884895,0.7800798,0.998773,0.065848686,0.065848686,0.100796826,0.100796826
B06,Image B06,B06.png,True,0.0050543915,0.22834636,0.28705388,0.39638415,0.26693085,0.34176418,0.35156956,0.35156956,0.23804124,0.23804124
B07,Image B07,B07.png,True,0.007248606,0.32747617,0.25499928,0.3521209,0.3029991,0.38794407,0.75017864,0.75017864,0.31588933,0.31588933
B08,Image B08,B08.png,True,0.03763044,1.700061,0.80297154,1.1087995,0.007712391,0.0098745385,0.18471709,0.18471709,0.098219365,0.098219365
B09,Image B09,B09.png,True,0.040472884,1.8284764,0.008912919,0.012307584,0.79131126,1.0131532,0.4077795,0.4077795,0.39606628,0.39606628
B10,Image B10,B10.png,True,0.029548563,1.3349395,0.89738816,1.2391766,0.0066834544,0.008557143,0.35088694,0.35088694,0.30562386,0.30562386
B11,Image B11,B11.png,True,0.04357493,1.9686201,0.90970063,1.2561785,0.0036487463,0.004671662,0.06798762,0.06798762,0.089072265,0.089072265
B12,Image B12,B12.png,True,0.016620334,0.7508704,0.26138896,0.36094424,0.27512085,0.35225022,0.24239975,0.24239975,0.25702617,0.25702617
B13,Image B13,B13.png,True,0.019144187,0.86489254,0.80685586,1.1141633,0.029369859,0.037603617,0.5143591,0.5143591,0.25821882,0.25821882
B14,Image B14,B14.png,True,0.020090606,0.9076497,0.30721733,0.42422727,0.26780468,0.342883,0.44642618,0.44642618,0.14467718,0.14467718
C00,Image C00,C00.png,True,0.043506674,1.9655365,0.8717903,1.2038293,0.06468306,0.08281677,0.4742875,0.4742875,0.28019404,0.28019404
C01,Image C01,C01.png,True,0.04123319,1.8628254,0.83719325,1.1560552,0.005834905,0.0074707046,0.11113507,0.11113507,0.13407896,0.13407896
C02,Image C02,C02.png,True,0.01475223,0.6664735,0.2794548,0.3858908,0.28988945,0.37115917,0.73836905,0.73836905,0.025023367,0.025023367
C03,Image C03,C03.png,True,0.046399906,2.0962462,0.008452349,0.011671597,0.7989009,1.0228705,0.20619182,0.20619182,0.0764699,0.0764699
C04,Image C04,C04.png,True,0.047643192,2.1524153,0.28933802,0.39953825,0.25863042,0.33113673,0.17191757,0.17191757,0.2588209,0.2588209
C05,Image C05,C05.png,True,0.0148475785,0.67078114,0.267721,0.36968794,0.3053656,0.390974,0.13102864,0.13102864,0.10856707,0.10856707
C06,Image C06,C06.png,True,0.050899714,2.299538,0.008373085,0.011562144,0.7992641,1.0233356,0.37748784,0.37748784,0.21089096,0.21089096
C07,Image C07,C07.png,True,0.018309347,0.8271763,0.29277655,0.4042864,0.2818075,0.36081147,0.65346116,0.65346116,0.19795932,0.19795932
C08,Image C08,C08.png,True,0.023776084,1.0741515,0.47344735,0.6537694,0.14986259,0.19187614,0.48462534,0.48462534,0.29612875,0.29612875
C09,Image C09,C09.png,True,0.05284795,2.387555,0.008123541,0.011217556,0.79827106,1.0220641,0.4185229,0.4185229,0.106534235,0.106534235
C10,Image C10,C10.png,True,0.018051103,0.8155094,0.22188483,0.30639416,0.3609896,0.46219203,0.28526634,0.28526634,0.10094193,0.10094193
C11,Image C11,C11.png,True,0.024674255,1.1147289,0.2911792,0.4020807,0.2852526,0.36522236,0.24111335,0.24111335,0.24336314,0.24336314
C12,Image C12,C12.png,True,0.0213123,0.9628431,0.276033,0.38116577,0.30471024,0.3901349,0.48035198,0.48035198,0.43838632,0.43838632
C13,Image C13,C13.png,True,0.045828685,2.0704398,0.30988324,0.42790854,0.4999807,0.6401489,0.13644888,0.13644888,0.0335324,0.0335324
C14,Image C14,C14.png,True,0.043073874,1.9459835,0.31762066,0.4385929,0.285162,0.36510637,0.47041738,0.47041738,0.1333833,0.1333833
