Panel,Feature,b per trial (SE),95% CI,chi2(1),p,drift across expt (SD),% frequency,% trial order,% session,% participant,% residual,session chi2(1),session p,% stimulus
A. Experimental,detail level,-0.0192 (0.0046),"[-0.0281, -0.0102]",17.36,< .001,-0.287,5.5,0.78,0.8,37.4,55.5,0.08,1.000,
A. Experimental,radial orientation,+0.0088 (0.0054),"[-0.0018, +0.0195]",2.68,.617,0.133,7.7,0.17,0.0,14.6,77.5,0.0,1.000,
A. Experimental,tangential orientation,-0.0151 (0.0055),"[-0.0259, -0.0044]",7.67,.045,-0.227,7.4,0.49,0.0,12.8,79.3,0.0,1.000,
A. Experimental,brightness,-0.0085 (0.0050),"[-0.0183, +0.0013]",2.91,.617,-0.128,5.8,0.15,0.3,27.6,66.1,0.03,1.000,
A. Experimental,contrast,-0.0158 (0.0046),"[-0.0249, -0.0067]",11.56,.006,-0.237,5.5,0.53,2.6,34.2,57.1,1.16,.704,
B. Validation,detail level,+0.0089 (0.0093),"[-0.0093, +0.0272]",0.92,1.000,0.134,,0.16,3.1,8.8,36.1,2.28,.589,51.9
B. Validation,radial orientation,-0.0021 (0.0338),"[-0.0684, +0.0642]",0.26,1.000,-0.031,,0.01,0.0,0.0,10.1,0.0,1.000,89.9
B. Validation,tangential orientation,+0.0030 (0.0046),"[-0.0059, +0.0120]",0.5,1.000,0.045,,0.02,0.0,0.0,11.0,0.0,1.000,89.0
B. Validation,brightness,-0.0124 (0.0073),"[-0.0266, +0.0018]",2.87,.721,-0.186,,0.32,0.1,3.6,28.9,0.01,1.000,67.1
B. Validation,contrast,-0.0171 (0.0073),"[-0.0314, -0.0029]",5.35,.207,-0.257,,0.61,0.0,3.2,30.7,0.0,1.000,65.5
