Trials	Feature	b per trial (SE)	chi2(1)	p	Drift across experiment (SD)	Session chi2(1)	Session p	Condition or stimulus (%)	Trial order (%)	Session (%)	Participant (%)	Residual (%)
Experimental (SLS)	detail level	-0.0192 (0.0046)	17.36	< .001	-0.287	0.08	1.000	5.5	0.78	0.75	37.4	55.5
Experimental (SLS)	radial orientation	+0.0088 (0.0054)	2.68	.617	+0.133	0.00	1.000	7.7	0.17	0.00	14.6	77.5
Experimental (SLS)	tangential orientation	-0.0151 (0.0055)	7.67	.045	-0.227	0.00	1.000	7.4	0.49	0.00	12.8	79.3
Experimental (SLS)	brightness	-0.0085 (0.0050)	2.91	.617	-0.128	0.03	1.000	5.8	0.15	0.33	27.6	66.1
Experimental (SLS)	contrast	-0.0158 (0.0046)	11.56	.006	-0.237	1.16	.704	5.5	0.53	2.6	34.2	57.1
Validation (image)	detail level	+0.0089 (0.0093)	0.92	1.000	+0.134	2.28	.589	51.9	0.16	3.1	8.8	36.1
Validation (image)	radial orientation	-0.0021 (0.0338)	0.26	1.000	-0.031	0.00	1.000	89.9	0.01	0.00	0.00	10.1
Validation (image)	tangential orientation	+0.0030 (0.0046)	0.50	1.000	+0.045	0.00	1.000	89.0	0.02	0.00	0.00	11.0
Validation (image)	brightness	-0.0124 (0.0073)	2.87	.721	-0.186	0.01	1.000	67.1	0.32	0.10	3.6	28.9
Validation (image)	contrast	-0.0171 (0.0073)	5.35	.207	-0.257	0.00	1.000	65.5	0.61	0.00	3.2	30.7
